Residue 1,Residue 2,Interaction Type,Energy Contribution
28 H (THR),75 R (GLN),Van der Waals,-0.016
30 H (THR),75 R (GLN),Van der Waals,0.198
31 H (ASN),75 R (GLN),Van der Waals,0.021
31 H (ASN),76 R (THR),Van der Waals,0.004
33 H (TYR),78 R (LYS),Hydrogen Bond,79.722
33 H (TYR),85 R (ASP),Van der Waals,-0.416
33 H (TYR),88 R (GLN),Hydrogen Bond,17.040
33 H (TYR),89 R (PRO),Van der Waals,-0.031
35 H (TYR),78 R (LYS),Van der Waals,0.008
35 H (TYR),87 R (SER),Van der Waals,0.190
35 H (TYR),88 R (GLN),Van der Waals,-0.057
35 H (TYR),89 R (PRO),Van der Waals,-0.310
47 H (TRP),87 R (SER),Van der Waals,-0.001
47 H (TRP),89 R (PRO),Van der Waals,-0.087
49 H (GLY),89 R (PRO),Van der Waals,0.003
50 H (GLY),89 R (PRO),Van der Waals,-0.377
51 H (ILE),88 R (GLN),Van der Waals,0.053
51 H (ILE),89 R (PRO),Van der Waals,-0.052
52 H (ASN),77 R (ASP),Van der Waals,0.023
52 H (ASN),78 R (LYS),Van der Waals,0.074
52 H (ASN),88 R (GLN),Van der Waals,0.053
52 H (ASN),89 R (PRO),Van der Waals,-0.022
54 H (SER),75 R (GLN),Van der Waals,0.000
54 H (SER),77 R (ASP),Van der Waals,0.266
54 H (SER),78 R (LYS),Van der Waals,-0.010
55 H (ASN),77 R (ASP),Van der Waals,-0.040
57 H (GLY),88 R (GLN),Van der Waals,-0.060
57 H (GLY),89 R (PRO),Van der Waals,-0.375
57 H (GLY),90 R (GLY),Van der Waals,0.027
58 H (THR),89 R (PRO),Hydrogen Bond,3.166
58 H (THR),90 R (GLY),Van der Waals,0.149
59 H (ASN),87 R (SER),Van der Waals,-0.268
59 H (ASN),88 R (GLN),Van der Waals,0.138
59 H (ASN),89 R (PRO),Hydrogen Bond,927.142
59 H (ASN),90 R (GLY),Van der Waals,0.169
59 H (ASN),91 R (GLN),Van der Waals,0.024
60 H (PHE),89 R (PRO),Van der Waals,-0.005
99 H (ARG),78 R (LYS),Van der Waals,1.480
99 H (ARG),85 R (ASP),Van der Waals,-0.679
99 H (ARG),87 R (SER),Van der Waals,-0.042
99 H (ARG),88 R (GLN),Van der Waals,-0.083
100 H (ASP),78 R (LYS),Van der Waals,-0.117
100 H (ASP),126 R (ILE),Van der Waals,-0.001
100 H (ASP),131 R (LYS),Van der Waals,0.254
100 H (ASP),132 R (ALA),Van der Waals,-0.151
101 H (TYR),66 R (ASN),Van der Waals,0.060
101 H (TYR),68 R (TYR),Van der Waals,-0.474
101 H (TYR),76 R (THR),Van der Waals,0.025
101 H (TYR),77 R (ASP),Van der Waals,-0.109
101 H (TYR),78 R (LYS),Van der Waals,-2.015
101 H (TYR),85 R (ASP),Van der Waals,0.313
101 H (TYR),88 R (GLN),Van der Waals,0.121
101 H (TYR),134 R (ILE),Van der Waals,-0.024
101 H (TYR),136 R (GLU),Van der Waals,0.001
102 H (ARG),64 R (VAL),Van der Waals,-0.074
102 H (ARG),66 R (ASN),Van der Waals,2.101
102 H (ARG),68 R (TYR),Hydrogen Bond,1.620
102 H (ARG),78 R (LYS),Van der Waals,-0.204
102 H (ARG),81 R (ALA),Van der Waals,-0.102
102 H (ARG),85 R (ASP),Van der Waals,0.036
102 H (ARG),126 R (ILE),Van der Waals,-1.446
102 H (ARG),131 R (LYS),Van der Waals,0.083
102 H (ARG),132 R (ALA),Hydrogen Bond,34.979
102 H (ARG),133 R (GLN),Van der Waals,0.331
102 H (ARG),134 R (ILE),Van der Waals,0.536
103 H (PHE),64 R (VAL),Van der Waals,-1.973
103 H (PHE),66 R (ASN),Van der Waals,0.010
103 H (PHE),78 R (LYS),Van der Waals,-0.035
103 H (PHE),81 R (ALA),Van der Waals,-0.378
103 H (PHE),82 R (PHE),Van der Waals,-0.040
103 H (PHE),83 R (PRO),Van der Waals,-1.272
103 H (PHE),84 R (GLU),Van der Waals,-0.074
103 H (PHE),85 R (ASP),Van der Waals,-0.400
103 H (PHE),126 R (ILE),Van der Waals,-0.023
103 H (PHE),128 R (LEU),Van der Waals,-0.600
104 H (ASP),85 R (ASP),Van der Waals,-0.231
104 H (ASP),87 R (SER),Van der Waals,0.177
105 H (MET),126 R (ILE),Van der Waals,-0.480
105 H (MET),127 R (SER),Van der Waals,-0.002
105 H (MET),128 R (LEU),Van der Waals,-0.317
105 H (MET),130 R (PRO),Van der Waals,-0.020
105 H (MET),131 R (LYS),Hydrogen Bond,29.518
105 H (MET),132 R (ALA),Van der Waals,-0.062
106 H (GLY),131 R (LYS),Van der Waals,-0.099
108 H (ASP),131 R (LYS),Van der Waals,0.011
31 L (THR),83 R (PRO),Van der Waals,-0.443
31 L (THR),84 R (GLU),Van der Waals,0.009
31 L (THR),86 R (ARG),Van der Waals,-0.002
32 L (SER),82 R (PHE),Van der Waals,-0.095
32 L (SER),83 R (PRO),Van der Waals,-0.283
32 L (SER),99 R (GLN),Van der Waals,-0.004
34 L (TYR),62 R (SER),Van der Waals,-0.110
34 L (TYR),63 R (PHE),Van der Waals,0.568
34 L (TYR),64 R (VAL),Van der Waals,-0.980
34 L (TYR),82 R (PHE),Van der Waals,0.024
34 L (TYR),83 R (PRO),Van der Waals,-1.484
34 L (TYR),128 R (LEU),Electrostatic,20.056
36 L (TYR),83 R (PRO),Van der Waals,-0.051
36 L (TYR),84 R (GLU),Van der Waals,0.254
36 L (TYR),85 R (ASP),Van der Waals,-0.028
36 L (TYR),86 R (ARG),Van der Waals,-0.003
36 L (TYR),87 R (SER),Van der Waals,-0.001
50 L (LEU),131 R (LYS),Van der Waals,0.147
52 L (ILE),131 R (LYS),Van der Waals,0.219
53 L (TYR),127 R (SER),Van der Waals,-0.037
53 L (TYR),128 R (LEU),Van der Waals,-1.914
53 L (TYR),129 R (ALA),Van der Waals,0.371
53 L (TYR),130 R (PRO),Van der Waals,-0.050
53 L (TYR),131 R (LYS),Hydrogen Bond,1604.238
54 L (LEU),128 R (LEU),Electrostatic,-1.007
54 L (LEU),131 R (LYS),Van der Waals,-0.028
57 L (TYR),62 R (SER),Van der Waals,0.090
57 L (TYR),128 R (LEU),Van der Waals,-1.858
57 L (TYR),129 R (ALA),Van der Waals,-1.079
57 L (TYR),131 R (LYS),Van der Waals,-0.165
58 L (LEU),129 R (ALA),Van der Waals,0.014
58 L (LEU),131 R (LYS),Van der Waals,-0.048
59 L (GLU),131 R (LYS),Van der Waals,-0.262
60 L (SER),130 R (PRO),Van der Waals,0.059
60 L (SER),131 R (LYS),Van der Waals,0.138
95 L (SER),86 R (ARG),Van der Waals,-0.001
95 L (SER),87 R (SER),Van der Waals,-0.051
96 L (ARG),86 R (ARG),Van der Waals,0.873
96 L (ARG),87 R (SER),Van der Waals,-0.031
97 L (ASP),86 R (ARG),Van der Waals,-0.078
97 L (ASP),87 R (SER),Van der Waals,-0.109
98 L (LEU),86 R (ARG),Van der Waals,-0.155
98 L (LEU),87 R (SER),Van der Waals,-1.418
98 L (LEU),88 R (GLN),Van der Waals,-0.126
98 L (LEU),89 R (PRO),Van der Waals,-0.353
98 L (LEU),90 R (GLY),Van der Waals,0.007
100 L (LEU),87 R (SER),Van der Waals,-0.397
